{"cameraMode":{"drawMode":0,"name":"Shaded","section":"Shading Mode"},"sceneLighting":false,"audioPlay":false,"sceneViewState":{"showFog":true,"showMaterialUpdate":false,"showSkybox":false,"showFlares":true,"showImageEffects":true,"showParticleSystems":true},"in2DMode":false,"pivot":{"x":36.220001220703128,"y":1.0,"z":2.5399999618530275},"rotation":{"x":0.1795264333486557,"y":0.45376479625701907,"z":-0.0938747376203537,"w":0.8677919507026672},"size":4.041658401489258,"orthographic":false}