{"cameraMode":{"drawMode":0,"name":"Shaded","section":"Shading Mode"},"sceneLighting":false,"audioPlay":false,"sceneViewState":{"showFog":true,"showMaterialUpdate":false,"showSkybox":false,"showFlares":true,"showImageEffects":true,"showParticleSystems":true},"in2DMode":false,"pivot":{"x":13.025308609008789,"y":2.316232681274414,"z":-4.2874755859375},"rotation":{"x":0.2184019237756729,"y":-0.2510763704776764,"z":0.05826104059815407,"w":0.9412062764167786},"size":21.04568099975586,"orthographic":false}