{"cameraMode":{"drawMode":0,"name":"Shaded","section":"Shading Mode"},"sceneLighting":true,"audioPlay":false,"sceneViewState":{"showFog":true,"showMaterialUpdate":false,"showSkybox":false,"showFlares":true,"showImageEffects":true,"showParticleSystems":true},"in2DMode":false,"pivot":{"x":-153.32589721679688,"y":-47.09440612792969,"z":-25.591707229614259},"rotation":{"x":0.2813303768634796,"y":-0.5440292954444885,"z":0.20013688504695893,"w":0.7647854685783386},"size":115.72087097167969,"orthographic":false}