{"cameraMode":{"drawMode":0,"name":"Shaded","section":"Shading Mode"},"sceneLighting":false,"audioPlay":false,"sceneViewState":{"showFog":true,"showMaterialUpdate":false,"showSkybox":false,"showFlares":true,"showImageEffects":true,"showParticleSystems":true},"in2DMode":false,"pivot":{"x":133.05152893066407,"y":1.288252353668213,"z":-49.83201599121094},"rotation":{"x":0.2184019237756729,"y":-0.2510763704776764,"z":0.05826104059815407,"w":0.9412062764167786},"size":6.641129016876221,"orthographic":false}