{"cameraMode":{"drawMode":0,"name":"Shaded","section":"Shading Mode"},"sceneLighting":true,"audioPlay":false,"sceneViewState":{"showFog":true,"showMaterialUpdate":false,"showSkybox":false,"showFlares":true,"showImageEffects":true,"showParticleSystems":true},"in2DMode":false,"pivot":{"x":84.47874450683594,"y":14.56932258605957,"z":51.53230667114258},"rotation":{"x":-0.10081105679273606,"y":0.5387347936630249,"z":-0.06512950360774994,"w":-0.8338829874992371},"size":100.6827392578125,"orthographic":false}